,test_en-UK,test_en-AU,test_en-IN
train_en-UK,0.4878048780487805,0.1623931623931624,0.37606837606837606
train_en-AU,0.3779527559055118,0.674937965260546,0.267515923566879
train_en-IN,0.2823529411764706,0.1762114537444934,0.23255813953488372
