,test_en-UK,test_en-AU,test_en-IN
train_en-UK,0.7279692068544358,0.4921056721056721,0.663941778793264
train_en-AU,0.6200409503785849,0.7671145250577702,0.546504547519403
train_en-IN,0.6179825542384254,0.5036432155804671,0.5949336622642077
