,test_en-UK,test_en-AU,test_en-IN
train_en-UK,0.42105263157894735,0.4148606811145511,0.308300395256917
train_en-AU,0.3656716417910448,0.7040358744394619,0.24022346368715083
train_en-IN,0.1,0.029411764705882353,0.2764227642276423
