,test_en-UK,test_en-AU,test_en-IN
train_en-UK,0.680139575457982,0.6139585304682548,0.5906984209787123
train_en-AU,0.6077474816729076,0.7776936128954066,0.5133613393788973
train_en-IN,0.5298507462686567,0.42709526288391464,0.6087216538169358
