Metric,seed=42,seed=17,Mean,Std
Macro-F1,0.6730882961361081,0.6883916752187351,0.6807399856774217,0.010821123124393935
Macro Precision,0.7123129582430966,0.7256245164536295,0.7189687373483631,0.009412693078827257
Macro Recall,0.6509575935334067,0.6659779325756385,0.6584677630545226,0.010620983592483214
F1 (sarcastic),0.4227005870841487,0.4508670520231214,0.43678381955363504,0.019916698360400716
F1 (not sarcastic),0.9234760051880675,0.9259162984143489,0.9246961518012082,0.001725547888387151
